{
    "accuracy": {
        "mean": 0.9667590027700831,
        "std": 0.0008825613283105302,
        "all_folds": [
            0.9673745767928593,
            0.9657330460654561,
            0.9674771724633221,
            0.9656304503949933,
            0.9675797681337848
        ]
    },
    "precision": {
        "mean": 0.9615596479951307,
        "std": 0.0025326876164453523,
        "all_folds": [
            0.9606180516299228,
            0.9577306030433966,
            0.9623676248108926,
            0.9615384615384616,
            0.9655434989529792
        ]
    },
    "recall": {
        "mean": 0.9768388707509124,
        "std": 0.002126809018614526,
        "all_folds": [
            0.9790666410601114,
            0.9790666410601114,
            0.9773381985788362,
            0.9746495102746303,
            0.9740733627808719
        ]
    },
    "f1": {
        "mean": 0.9691340249331752,
        "std": 0.0007944239957638739,
        "all_folds": [
            0.9697546128970896,
            0.9682811016144349,
            0.9697951405431158,
            0.9680495946590367,
            0.9697896749521988
        ]
    },
    "overall_accuracy": 0.9667590027700831,
    "classification_report": {
        "0": {
            "precision": 0.9729426545813515,
            "recall": 0.9551982378854625,
            "f1-score": 0.9639887965144711,
            "support": 22700.0
        },
        "1": {
            "precision": 0.9615486407803697,
            "recall": 0.9768388707509122,
            "f1-score": 0.9691334501943449,
            "support": 26035.0
        },
        "accuracy": 0.9667590027700831,
        "macro avg": {
            "precision": 0.9672456476808606,
            "recall": 0.9660185543181874,
            "f1-score": 0.966561123354408,
            "support": 48735.0
        },
        "weighted avg": {
            "precision": 0.9668557940230554,
            "recall": 0.9667590027700831,
            "f1-score": 0.9667371510554686,
            "support": 48735.0
        }
    },
    "confusion_matrix": [
        [
            21683,
            1017
        ],
        [
            603,
            25432
        ]
    ]
}